[
  {
    "name": "Afghanistan",
    "dial_code": "+93",
    "code": "AF",
    "symbole": "؋"
  },
  {
    "name": "Aland Islands",
    "dial_code": "+358",
    "code": "AX",
    "symbole": "€"
  },
  {
    "name": "Albania",
    "dial_code": "+355",
    "code": "AL",
    "symbole": "L"
  },
  {
    "name": "Algeria",
    "dial_code": "+213",
    "code": "DZ",
    "symbole": "د.ج"
  },
  {
    "name": "American Samoa",
    "dial_code": "+1684",
    "code": "AS",
    "symbole": "$"
  },
  {
    "name": "Andorra",
    "dial_code": "+376",
    "code": "AD",
    "symbole": "€"
  },
  {
    "name": "Angola",
    "dial_code": "+244",
    "code": "AO",
    "symbole": "Kz"
  },
  {
    "name": "Anguilla",
    "dial_code": "+1264",
    "code": "AI",
    "symbole": "$"
  },
  {
    "name": "Antarctica",
    "dial_code": "+672",
    "code": "AQ",
    "symbole": null
  },
  {
    "name": "Antigua and Barbuda",
    "dial_code": "+1268",
    "code": "AG",
    "symbole": "$"
  },
  {
    "name": "Argentina",
    "dial_code": "+54",
    "code": "AR",
    "symbole": "$"
  },
  {
    "name": "Armenia",
    "dial_code": "+374",
    "code": "AM",
    "symbole": "֏"
  },
  {
    "name": "Aruba",
    "dial_code": "+297",
    "code": "AW",
    "symbole": "ƒ"
  },
  {
    "name": "Australia",
    "dial_code": "+61",
    "code": "AU",
    "symbole": "$"
  },
  {
    "name": "Austria",
    "dial_code": "+43",
    "code": "AT",
    "symbole": "€"
  },
  {
    "name": "Azerbaijan",
    "dial_code": "+994",
    "code": "AZ",
    "symbole": "₼"
  },
  {
    "name": "Bahamas",
    "dial_code": "+1242",
    "code": "BS",
    "symbole": "$"
  },
  {
    "name": "Bahrain",
    "dial_code": "+973",
    "code": "BH",
    "symbole": ".د.ب"
  },
  {
    "name": "Bangladesh",
    "dial_code": "+880",
    "code": "BD",
    "symbole": "৳"
  },
  {
    "name": "Barbados",
    "dial_code": "+1246",
    "code": "BB",
    "symbole": "$"
  },
  {
    "name": "Belarus",
    "dial_code": "+375",
    "code": "BY",
    "symbole": "Br"
  },
  {
    "name": "Belgium",
    "dial_code": "+32",
    "code": "BE",
    "symbole": "€"
  },
  {
    "name": "Belize",
    "dial_code": "+501",
    "code": "BZ",
    "symbole": "$"
  },
  {
    "name": "Benin",
    "dial_code": "+229",
    "code": "BJ",
    "symbole": "XOF"
  },
  {
    "name": "Bermuda",
    "dial_code": "+1441",
    "code": "BM",
    "symbole": "$"
  },
  {
    "name": "Bhutan",
    "dial_code": "+975",
    "code": "BT",
    "symbole": "Nu."
  },
  {
    "name": "Bolivia, Plurinational State of",
    "dial_code": "+591",
    "code": "BO",
    "symbole": "Bs."
  },
  {
    "name": "Bosnia and Herzegovina",
    "dial_code": "+387",
    "code": "BA",
    "symbole": "KM"
  },
  {
    "name": "Botswana",
    "dial_code": "+267",
    "code": "BW",
    "symbole": "P"
  },
  {
    "name": "Brazil",
    "dial_code": "+55",
    "code": "BR",
    "symbole": "R$"
  },
  {
    "name": "British Indian Ocean Territory",
    "dial_code": "+246",
    "code": "IO",
    "symbole": null
  },
  {
    "name": "Brunei Darussalam",
    "dial_code": "+673",
    "code": "BN",
    "symbole": "$"
  },
  {
    "name": "Bulgaria",
    "dial_code": "+359",
    "code": "BG",
    "symbole": "лв."
  },
  {
    "name": "Burkina Faso",
    "dial_code": "+226",
    "code": "BF",
    "symbole": "CFA"
  },
  {
    "name": "Burundi",
    "dial_code": "+257",
    "code": "BI",
    "symbole": "FBu"
  },
  {
    "name": "Cambodia",
    "dial_code": "+855",
    "code": "KH",
    "symbole": "៛"
  },
  {
    "name": "Cameroon",
    "dial_code": "+237",
    "code": "CM",
    "symbole": "FCFA"
  },
  {
    "name": "Canada",
    "dial_code": "+1",
    "code": "CA",
    "symbole": "$"
  },
  {
    "name": "Cape Verde",
    "dial_code": "+238",
    "code": "CV",
    "symbole": "Esc"
  },
  {
    "name": "Cayman Islands",
    "dial_code": "+ 345",
    "code": "KY",
    "symbole": "$"
  },
  {
    "name": "Central African Republic",
    "dial_code": "+236",
    "code": "CF",
    "symbole": "FCFA"
  },
  {
    "name": "Chad",
    "dial_code": "+235",
    "code": "TD",
    "symbole": "FCFA"
  },
  {
    "name": "Chile",
    "dial_code": "+56",
    "code": "CL",
    "symbole": "$"
  },
  {
    "name": "China",
    "dial_code": "+86",
    "code": "CN",
    "symbole": "¥"
  },
  {
    "name": "Christmas Island",
    "dial_code": "+61",
    "code": "CX",
    "symbole": "$"
  },
  {
    "name": "Cocos (Keeling) Islands",
    "dial_code": "+61",
    "code": "CC",
    "symbole": "$"
  },
  {
    "name": "Colombia",
    "dial_code": "+57",
    "code": "CO",
    "symbole": "$"
  },
  {
    "name": "Comoros",
    "dial_code": "+269",
    "code": "KM",
    "symbole": "CF"
  },
  {
    "name": "Congo",
    "dial_code": "+242",
    "code": "CG",
    "symbole": "FCFA"
  },
  {
    "name": "Congo, The Democratic Republic of the Congo",
    "dial_code": "+243",
    "code": "CD",
    "symbole": "FC"
  },
  {
    "name": "Cook Islands",
    "dial_code": "+682",
    "code": "CK",
    "symbole": "$"
  },
  {
    "name": "Costa Rica",
    "dial_code": "+506",
    "code": "CR",
    "symbole": "₡"
  },
  {
    "name": "Côte d'Ivoire",
    "dial_code": "+225",
    "code": "CI",
    "symbole": "XOF"
  },
  {
    "name": "Croatia",
    "dial_code": "+385",
    "code": "HR",
    "symbole": "kn"
  },
  {
    "name": "Cuba",
    "dial_code": "+53",
    "code": "CU",
    "symbole": "$"
  },
  {
    "name": "Cyprus",
    "dial_code": "+357",
    "code": "CY",
    "symbole": "€"
  },
  {
    "name": "Czech Republic",
    "dial_code": "+420",
    "code": "CZ",
    "symbole": "Kč"
  },
  {
    "name": "Denmark",
    "dial_code": "+45",
    "code": "DK",
    "symbole": "kr"
  },
  {
    "name": "Djibouti",
    "dial_code": "+253",
    "code": "DJ",
    "symbole": "Fdj"
  },
  {
    "name": "Dominica",
    "dial_code": "+1767",
    "code": "DM",
    "symbole": "$"
  },
  {
    "name": "Dominican Republic",
    "dial_code": "+1849",
    "code": "DO",
    "symbole": "$"
  },
  {
    "name": "Ecuador",
    "dial_code": "+593",
    "code": "EC",
    "symbole": "$"
  },
  {
    "name": "Egypt",
    "dial_code": "+20",
    "code": "EG",
    "symbole": "£"
  },
  {
    "name": "El Salvador",
    "dial_code": "+503",
    "code": "SV",
    "symbole": "$"
  },
  {
    "name": "Equatorial Guinea",
    "dial_code": "+240",
    "code": "GQ",
    "symbole": "FCFA"
  },
  {
    "name": "Eritrea",
    "dial_code": "+291",
    "code": "ER",
    "symbole": "Nfk"
  },
  {
    "name": "Estonia",
    "dial_code": "+372",
    "code": "EE",
    "symbole": "€"
  },
  {
    "name": "Ethiopia",
    "dial_code": "+251",
    "code": "ET",
    "symbole": "Br"
  },
  {
    "name": "Falkland Islands (Malvinas)",
    "dial_code": "+500",
    "code": "FK",
    "symbole": "£"
  },
  {
    "name": "Faroe Islands",
    "dial_code": "+298",
    "code": "FO",
    "symbole": "kr"
  },
  {
    "name": "Fiji",
    "dial_code": "+679",
    "code": "FJ",
    "symbole": "$"
  },
  {
    "name": "Finland",
    "dial_code": "+358",
    "code": "FI",
    "symbole": "€"
  },
  {
    "name": "France",
    "dial_code": "+33",
    "code": "FR",
    "symbole": "€"
  },
  {
    "name": "French Guiana",
    "dial_code": "+594",
    "code": "GF",
    "symbole": "€"
  },
  {
    "name": "French Polynesia",
    "dial_code": "+689",
    "code": "PF",
    "symbole": "₣"
  },
  {
    "name": "Gabon",
    "dial_code": "+241",
    "code": "GA",
    "symbole": "FCFA"
  },
  {
    "name": "Gambia",
    "dial_code": "+220",
    "code": "GM",
    "symbole": "D"
  },
  {
    "name": "Georgia",
    "dial_code": "+995",
    "code": "GE",
    "symbole": "₾"
  },
  {
    "name": "Germany",
    "dial_code": "+49",
    "code": "DE",
    "symbole": "€"
  },
  {
    "name": "Ghana",
    "dial_code": "+233",
    "code": "GH",
    "symbole": "₵"
  },
  {
    "name": "Gibraltar",
    "dial_code": "+350",
    "code": "GI",
    "symbole": "£"
  },
  {
    "name": "Greece",
    "dial_code": "+30",
    "code": "GR",
    "symbole": "€"
  },
  {
    "name": "Greenland",
    "dial_code": "+299",
    "code": "GL",
    "symbole": "kr"
  },
  {
    "name": "Grenada",
    "dial_code": "+1473",
    "code": "GD",
    "symbole": "$"
  },
  {
    "name": "Guadeloupe",
    "dial_code": "+590",
    "code": "GP",
    "symbole": "€"
  },
  {
    "name": "Guam",
    "dial_code": "+1671",
    "code": "GU",
    "symbole": "$"
  },
  {
    "name": "Guatemala",
    "dial_code": "+502",
    "code": "GT",
    "symbole": "Q"
  },
  {
    "name": "Guernsey",
    "dial_code": "+44",
    "code": "GG",
    "symbole": "£"
  },
  {
    "name": "Guinea",
    "dial_code": "+224",
    "code": "GN",
    "symbole": "FG"
  },
  {
    "name": "Guinea-Bissau",
    "dial_code": "+245",
    "code": "GW",
    "symbole": "FCFA"
  },
  {
    "name": "Guyana",
    "dial_code": "+595",
    "code": "GY",
    "symbole": "$"
  },
  {
    "name": "Haiti",
    "dial_code": "+509",
    "code": "HT",
    "symbole": "G"
  },
  {
    "name": "Honduras",
    "dial_code": "+504",
    "code": "HN",
    "symbole": "L"
  },
  {
    "name": "Hong Kong",
    "dial_code": "+852",
    "code": "HK",
    "symbole": "$"
  },
  {
    "name": "Hungary",
    "dial_code": "+36",
    "code": "HU",
    "symbole": "Ft"
  },
  {
    "name": "Iceland",
    "dial_code": "+354",
    "code": "IS",
    "symbole": "kr"
  },
  {
    "name": "India",
    "dial_code": "+91",
    "code": "IN",
    "symbole": "₹"
  },
  {
    "name": "Indonesia",
    "dial_code": "+62",
    "code": "ID",
    "symbole": "Rp"
  },
  {
    "name": "Iran, Islamic Republic of Persian Gulf",
    "dial_code": "+98",
    "code": "IR",
    "symbole": "﷼"
  },
  {
    "name": "Iraq",
    "dial_code": "+964",
    "code": "IQ",
    "symbole": "ع.د"
  },
  {
    "name": "Ireland",
    "dial_code": "+353",
    "code": "IE",
    "symbole": "€"
  },
  {
    "name": "Isle of Man",
    "dial_code": "+44",
    "code": "IM",
    "symbole": "£"
  },
  {
    "name": "Israel",
    "dial_code": "+972",
    "code": "IL",
    "symbole": "₪"
  },
  {
    "name": "Italy",
    "dial_code": "+39",
    "code": "IT",
    "symbole": "€"
  },
  {
    "name": "Jamaica",
    "dial_code": "+1876",
    "code": "JM",
    "symbole": "$"
  },
  {
    "name": "Japan",
    "dial_code": "+81",
    "code": "JP",
    "symbole": "¥"
  },
  {
    "name": "Jersey",
    "dial_code": "+44",
    "code": "JE",
    "symbole": "£"
  },
  {
    "name": "Jordan",
    "dial_code": "+962",
    "code": "JO",
    "symbole": "د.ا"
  },
  {
    "name": "Kazakhstan",
    "dial_code": "+7",
    "code": "KZ",
    "symbole": "₸"
  },
  {
    "name": "Kenya",
    "dial_code": "+254",
    "code": "KE",
    "symbole": "KSh"
  },
  {
    "name": "Kiribati",
    "dial_code": "+686",
    "code": "KI",
    "symbole": "$"
  },
  {
    "name": "Korea, Democratic People's Republic of Korea",
    "dial_code": "+850",
    "code": "KP",
    "symbole": "₩"
  },
  {
    "name": "Korea, Republic of South Korea",
    "dial_code": "+82",
    "code": "KR",
    "symbole": "₩"
  },
  {
    "name": "Kuwait",
    "dial_code": "+965",
    "code": "KW",
    "symbole": "د.ك"
  },
  {
    "name": "Kyrgyzstan",
    "dial_code": "+996",
    "code": "KG",
    "symbole": "лв"
  },
  {
    "name": "Laos",
    "dial_code": "+856",
    "code": "LA",
    "symbole": "₭"
  },
  {
    "name": "Latvia",
    "dial_code": "+371",
    "code": "LV",
    "symbole": "€"
  },
  {
    "name": "Lebanon",
    "dial_code": "+961",
    "code": "LB",
    "symbole": "ل.ل"
  },
  {
    "name": "Lesotho",
    "dial_code": "+266",
    "code": "LS",
    "symbole": "L"
  },
  {
    "name": "Liberia",
    "dial_code": "+231",
    "code": "LR",
    "symbole": "$"
  },
  {
    "name": "Libyan Arab Jamahiriya",
    "dial_code": "+218",
    "code": "LY",
    "symbole": "ل.د"
  },
  {
    "name": "Liechtenstein",
    "dial_code": "+423",
    "code": "LI",
    "symbole": "CHF"
  },
  {
    "name": "Lithuania",
    "dial_code": "+370",
    "code": "LT",
    "symbole": "€"
  },
  {
    "name": "Luxembourg",
    "dial_code": "+352",
    "code": "LU",
    "symbole": "€"
  },
  {
    "name": "Macao",
    "dial_code": "+853",
    "code": "MO",
    "symbole": "$"
  },
  {
    "name": "Macedonia",
    "dial_code": "+389",
    "code": "MK",
    "symbole": "ден"
  },
  {
    "name": "Madagascar",
    "dial_code": "+261",
    "code": "MG",
    "symbole": "Ar"
  },
  {
    "name": "Malawi",
    "dial_code": "+265",
    "code": "MW",
    "symbole": "MK"
  },
  {
    "name": "Malaysia",
    "dial_code": "+60",
    "code": "MY",
    "symbole": "RM"
  },
  {
    "name": "Maldives",
    "dial_code": "+960",
    "code": "MV",
    "symbole": "MVR"
  },
  {
    "name": "Mali",
    "dial_code": "+223",
    "code": "ML",
    "symbole": "CFA"
  },
  {
    "name": "Malta",
    "dial_code": "+356",
    "code": "MT",
    "symbole": "€"
  },
  {
    "name": "Marshall Islands",
    "dial_code": "+692",
    "code": "MH",
    "symbole": "$"
  },
  {
    "name": "Martinique",
    "dial_code": "+596",
    "code": "MQ",
    "symbole": "€"
  },
  {
    "name": "Mauritania",
    "dial_code": "+222",
    "code": "MR",
    "symbole": "UM"
  },
  {
    "name": "Mauritius",
    "dial_code": "+230",
    "code": "MU",
    "symbole": "₨"
  },
  {
    "name": "Mayotte",
    "dial_code": "+262",
    "code": "YT",
    "symbole": "€"
  },
  {
    "name": "Mexico",
    "dial_code": "+52",
    "code": "MX",
    "symbole": "$"
  },
  {
    "name": "Micronesia, Federated States of Micronesia",
    "dial_code": "+691",
    "code": "FM",
    "symbole": "$"
  },
  {
    "name": "Moldova",
    "dial_code": "+373",
    "code": "MD",
    "symbole": "L"
  },
  {
    "name": "Monaco",
    "dial_code": "+377",
    "code": "MC",
    "symbole": "€"
  },
  {
    "name": "Mongolia",
    "dial_code": "+976",
    "code": "MN",
    "symbole": "₮"
  },
  {
    "name": "Montenegro",
    "dial_code": "+382",
    "code": "ME",
    "symbole": "€"
  },
  {
    "name": "Montserrat",
    "dial_code": "+1664",
    "code": "MS",
    "symbole": "$"
  },
  {
    "name": "Morocco",
    "dial_code": "+212",
    "code": "MA",
    "symbole": "د.م."
  },
  {
    "name": "Mozambique",
    "dial_code": "+258",
    "code": "MZ",
    "symbole": "MT"
  },
  {
    "name": "Myanmar",
    "dial_code": "+95",
    "code": "MM",
    "symbole": "K"
  },
  {
    "name": "Namibia",
    "dial_code": "+264",
    "code": "NA",
    "symbole": "$"
  },
  {
    "name": "Nauru",
    "dial_code": "+674",
    "code": "NR",
    "symbole": "$"
  },
  {
    "name": "Nepal",
    "dial_code": "+977",
    "code": "NP",
    "symbole": "₨"
  },
  {
    "name": "Netherlands",
    "dial_code": "+31",
    "code": "NL",
    "symbole": "€"
  },
  {
    "name": "Netherlands Antilles",
    "dial_code": "+599",
    "code": "AN",
    "symbole": "ƒ"
  },
  {
    "name": "New Caledonia",
    "dial_code": "+687",
    "code": "NC",
    "symbole": "₣"
  },
  {
    "name": "New Zealand",
    "dial_code": "+64",
    "code": "NZ",
    "symbole": "$"
  },
  {
    "name": "Nicaragua",
    "dial_code": "+505",
    "code": "NI",
    "symbole": "C$"
  },
  {
    "name": "Niger",
    "dial_code": "+227",
    "code": "NE",
    "symbole": "CFA"
  },
  {
    "name": "Nigeria",
    "dial_code": "+234",
    "code": "NG",
    "symbole": "₦"
  },
  {
    "name": "Niue",
    "dial_code": "+683",
    "code": "NU",
    "symbole": "$"
  },
  {
    "name": "Norfolk Island",
    "dial_code": "+672",
    "code": "NF",
    "symbole": "$"
  },
  {
    "name": "Northern Mariana Islands",
    "dial_code": "+1670",
    "code": "MP",
    "symbole": "$"
  },
  {
    "name": "Norway",
    "dial_code": "+47",
    "code": "NO",
    "symbole": "kr"
  },
  {
    "name": "Oman",
    "dial_code": "+968",
    "code": "OM",
    "symbole": "ر.ع."
  },
  {
    "name": "Pakistan",
    "dial_code": "+92",
    "code": "PK",
    "symbole": "₨"
  },
  {
    "name": "Palau",
    "dial_code": "+680",
    "code": "PW",
    "symbole": "$"
  },
  {
    "name": "Palestinian Territory, Occupied",
    "dial_code": "+970",
    "code": "PS",
    "symbole": "₪"
  },
  {
    "name": "Panama",
    "dial_code": "+507",
    "code": "PA",
    "symbole": "B/."
  },
  {
    "name": "Papua New Guinea",
    "dial_code": "+675",
    "code": "PG",
    "symbole": "K"
  },
  {
    "name": "Paraguay",
    "dial_code": "+595",
    "code": "PY",
    "symbole": "₲"
  },
  {
    "name": "Peru",
    "dial_code": "+51",
    "code": "PE",
    "symbole": "S/."
  },
  {
    "name": "Philippines",
    "dial_code": "+63",
    "code": "PH",
    "symbole": "₱"
  },
  {
    "name": "Pitcairn",
    "dial_code": "+872",
    "code": "PN",
    "symbole": "$"
  },
  {
    "name": "Poland",
    "dial_code": "+48",
    "code": "PL",
    "symbole": "zł"
  },
  {
    "name": "Portugal",
    "dial_code": "+351",
    "code": "PT",
    "symbole": "€"
  },
  {
    "name": "Puerto Rico",
    "dial_code": "+1939",
    "code": "PR",
    "symbole": "$"
  },
  {
    "name": "Qatar",
    "dial_code": "+974",
    "code": "QA",
    "symbole": "ر.ق"
  },
  {
    "name": "Romania",
    "dial_code": "+40",
    "code": "RO",
    "symbole": "lei"
  },
  {
    "name": "Russia",
    "dial_code": "+7",
    "code": "RU",
    "symbole": "₽"
  },
  {
    "name": "Rwanda",
    "dial_code": "+250",
    "code": "RW",
    "symbole": "RF"
  },
  {
    "name": "Reunion",
    "dial_code": "+262",
    "code": "RE",
    "symbole": "€"
  },
  {
    "name": "Saint Barthelemy",
    "dial_code": "+590",
    "code": "BL",
    "symbole": "€"
  },
  {
    "name": "Saint Helena, Ascension and Tristan Da Cunha",
    "dial_code": "+290",
    "code": "SH",
    "symbole": "£"
  },
  {
    "name": "Saint Kitts and Nevis",
    "dial_code": "+1869",
    "code": "KN",
    "symbole": "$"
  },
  {
    "name": "Saint Lucia",
    "dial_code": "+1758",
    "code": "LC",
    "symbole": "$"
  },
  {
    "name": "Saint Martin",
    "dial_code": "+590",
    "code": "MF",
    "symbole": "€"
  },
  {
    "name": "Saint Pierre and Miquelon",
    "dial_code": "+508",
    "code": "PM",
    "symbole": "€"
  },
  {
    "name": "Saint Vincent and the Grenadines",
    "dial_code": "+1784",
    "code": "VC",
    "symbole": "$"
  },
  {
    "name": "Samoa",
    "dial_code": "+685",
    "code": "WS",
    "symbole": "$"
  },
  {
    "name": "San Marino",
    "dial_code": "+378",
    "code": "SM",
    "symbole": "€"
  },
  {
    "name": "Sao Tome and Principe",
    "dial_code": "+239",
    "code": "ST",
    "symbole": "Db"
  },
  {
    "name": "Saudi Arabia",
    "dial_code": "+966",
    "code": "SA",
    "symbole": "ر.س"
  },
  {
    "name": "Sénégal",
    "dial_code": "+221",
    "code": "SN",
    "symbole": "CFA"
  },
  {
    "name": "Serbia",
    "dial_code": "+381",
    "code": "RS",
    "symbole": "Дин."
  },
  {
    "name": "Seychelles",
    "dial_code": "+248",
    "code": "SC",
    "symbole": "₨"
  },
  {
    "name": "Sierra Leone",
    "dial_code": "+232",
    "code": "SL",
    "symbole": "Le"
  },
  {
    "name": "Singapore",
    "dial_code": "+65",
    "code": "SG",
    "symbole": "$"
  },
  {
    "name": "Slovakia",
    "dial_code": "+421",
    "code": "SK",
    "symbole": "€"
  },
  {
    "name": "Slovenia",
    "dial_code": "+386",
    "code": "SI",
    "symbole": "€"
  },
  {
    "name": "Solomon Islands",
    "dial_code": "+677",
    "code": "SB",
    "symbole": "$"
  },
  {
    "name": "Somalia",
    "dial_code": "+252",
    "code": "SO",
    "symbole": "S"
  },
  {
    "name": "South Africa",
    "dial_code": "+27",
    "code": "ZA",
    "symbole": "R"
  },
  {
    "name": "South Sudan",
    "dial_code": "+211",
    "code": "SS",
    "symbole": "£"
  },
  {
    "name": "South Georgia and the South Sandwich Islands",
    "dial_code": "+500",
    "code": "GS",
    "symbole": "£"
  },
  {
    "name": "Spain",
    "dial_code": "+34",
    "code": "ES",
    "symbole": "€"
  },
  {
    "name": "Sri Lanka",
    "dial_code": "+94",
    "code": "LK",
    "symbole": "₨"
  },
  {
    "name": "Sudan",
    "dial_code": "+249",
    "code": "SD",
    "symbole": "£"
  },
  {
    "name": "Suriname",
    "dial_code": "+597",
    "code": "SR",
    "symbole": "$"
  },
  {
    "name": "Svalbard and Jan Mayen",
    "dial_code": "+47",
    "code": "SJ",
    "symbole": "kr"
  },
  {
    "name": "Swaziland",
    "dial_code": "+268",
    "code": "SZ",
    "symbole": "L"
  },
  {
    "name": "Sweden",
    "dial_code": "+46",
    "code": "SE",
    "symbole": "kr"
  },
  {
    "name": "Switzerland",
    "dial_code": "+41",
    "code": "CH",
    "symbole": "CHF"
  },
  {
    "name": "Syrian Arab Republic",
    "dial_code": "+963",
    "code": "SY",
    "symbole": "£"
  },
  {
    "name": "Taiwan",
    "dial_code": "+886",
    "code": "TW",
    "symbole": "NT$"
  },
  {
    "name": "Tajikistan",
    "dial_code": "+992",
    "code": "TJ",
    "symbole": "лв"
  },
  {
    "name": "Tanzania, United Republic of Tanzania",
    "dial_code": "+255",
    "code": "TZ",
    "symbole": "Sh"
  },
  {
    "name": "Thailand",
    "dial_code": "+66",
    "code": "TH",
    "symbole": "฿"
  },
  {
    "name": "Timor-Leste",
    "dial_code": "+670",
    "code": "TL",
    "symbole": "$"
  },
  {
    "name": "Togo",
    "dial_code": "+228",
    "code": "TG",
    "symbole": "CFA"
  },
  {
    "name": "Tokelau",
    "dial_code": "+690",
    "code": "TK",
    "symbole": "$"
  },
  {
    "name": "Tonga",
    "dial_code": "+676",
    "code": "TO",
    "symbole": "T$"
  },
  {
    "name": "Trinidad and Tobago",
    "dial_code": "+1868",
    "code": "TT",
    "symbole": "$"
  },
  {
    "name": "Tunisia",
    "dial_code": "+216",
    "code": "TN",
    "symbole": "د.ت"
  },
  {
    "name": "Turkey",
    "dial_code": "+90",
    "code": "TR",
    "symbole": "₺"
  },
  {
    "name": "Turkmenistan",
    "dial_code": "+993",
    "code": "TM",
    "symbole": "m"
  },
  {
    "name": "Tuvalu",
    "dial_code": "+688",
    "code": "TV",
    "symbole": "$"
  },
  {
    "name": "Uganda",
    "dial_code": "+256",
    "code": "UG",
    "symbole": "USh"
  },
  {
    "name": "Ukraine",
    "dial_code": "+380",
    "code": "UA",
    "symbole": "₴"
  },
  {
    "name": "United Arab Emirates",
    "dial_code": "+971",
    "code": "AE",
    "symbole": "د.إ"
  },
  {
    "name": "United Kingdom",
    "dial_code": "+44",
    "code": "GB",
    "symbole": "£"
  },
  {
    "name": "United States",
    "dial_code": "+1",
    "code": "US",
    "symbole": "$"
  },
  {
    "name": "Uruguay",
    "dial_code": "+598",
    "code": "UY",
    "symbole": "$U"
  },
  {
    "name": "Uzbekistan",
    "dial_code": "+998",
    "code": "UZ",
    "symbole": "лв"
  },
  {
    "name": "Vanuatu",
    "dial_code": "+678",
    "code": "VU",
    "symbole": "Vt"
  },
  {
    "name": "Venezuela, Bolivarian Republic of Venezuela",
    "dial_code": "+58",
    "code": "VE",
    "symbole": "Bs"
  },
  {
    "name": "Vietnam",
    "dial_code": "+84",
    "code": "VN",
    "symbole": "₫"
  },
  {
    "name": "Virgin Islands, British",
    "dial_code": "+1284",
    "code": "VG",
    "symbole": "$"
  },
  {
    "name": "Virgin Islands, U.S.",
    "dial_code": "+1340",
    "code": "VI",
    "symbole": "$"
  },
  {
    "name": "Wallis and Futuna",
    "dial_code": "+681",
    "code": "WF",
    "symbole": "₣"
  },
  {
    "name": "Yemen",
    "dial_code": "+967",
    "code": "YE",
    "symbole": "﷼"
  },
  {
    "name": "Zambia",
    "dial_code": "+260",
    "code": "ZM",
    "symbole": "ZK"
  },
  {
    "name": "Zimbabwe",
    "dial_code": "+263",
    "code": "ZW",
    "symbole": "Z$"
  }
]